{"cameraMode":{"drawMode":0,"name":"Shaded","section":"Shading Mode"},"sceneLighting":false,"audioPlay":false,"sceneViewState":{"showFog":true,"showMaterialUpdate":false,"showSkybox":false,"showFlares":true,"showImageEffects":true,"showParticleSystems":true,"showVisualEffectGraphs":true,"m_FxEnabled":true},"in2DMode":false,"pivot":{"x":3.1662564277648927,"y":6.271441459655762,"z":43.66865539550781},"rotation":{"x":-0.24091897904872895,"y":0.004071816336363554,"z":-0.000966325169429183,"w":-0.9705575704574585},"size":14.28675365447998,"orthographic":false}