{"cameraMode":{"drawMode":0,"name":"Shaded","section":"Shading Mode"},"sceneLighting":false,"audioPlay":false,"sceneViewState":{"showFog":true,"showMaterialUpdate":false,"showSkybox":false,"showFlares":true,"showImageEffects":true,"showParticleSystems":true,"showVisualEffectGraphs":true,"m_FxEnabled":true},"in2DMode":false,"pivot":{"x":2.9911348819732668,"y":11.546830177307129,"z":-21.279069900512697},"rotation":{"x":0.05366523936390877,"y":-0.0009045764454640448,"z":-0.00006068056609365158,"w":-0.9985748529434204},"size":8.950586318969727,"orthographic":false}