{"cameraMode":{"drawMode":0,"name":"Shaded","section":"Shading Mode"},"sceneLighting":false,"audioPlay":false,"sceneViewState":{"showFog":true,"showMaterialUpdate":false,"showSkybox":false,"showFlares":true,"showImageEffects":true,"showParticleSystems":true,"showVisualEffectGraphs":true,"m_FxEnabled":true},"in2DMode":false,"pivot":{"x":0.06328486651182175,"y":85.2911605834961,"z":1.6704950332641602},"rotation":{"x":0.7075350880622864,"y":-0.005434228107333183,"z":0.005584706086665392,"w":0.7066850066184998},"size":5.0015645027160648,"orthographic":false}